Datetime,Water Level (m)
2025-02-17 00:00:00,-1.075194
2025-02-17 01:00:00,-1.6965094
2025-02-17 02:00:00,-2.0731494
2025-02-17 03:00:00,-2.0257266
2025-02-17 04:00:00,-1.4425813
2025-02-17 05:00:00,-0.6009909
2025-02-17 06:00:00,0.19497873
2025-02-17 07:00:00,0.8437815
2025-02-17 08:00:00,1.1807805
2025-02-17 09:00:00,1.073768
2025-02-17 10:00:00,0.6233882
2025-02-17 11:00:00,-0.019793205
2025-02-17 12:00:00,-0.72069734
2025-02-17 13:00:00,-1.3812772
2025-02-17 14:00:00,-1.7908895
2025-02-17 15:00:00,-1.8268855
2025-02-17 16:00:00,-1.3825128
2025-02-17 17:00:00,-0.6512161
2025-02-17 18:00:00,0.07770016
2025-02-17 19:00:00,0.6948457
2025-02-17 20:00:00,1.0475037
2025-02-17 21:00:00,0.9940863
2025-02-17 22:00:00,0.57948977
2025-02-17 23:00:00,-0.048628166
2025-02-18 00:00:00,-0.7622823
2025-02-18 01:00:00,-1.4608017
2025-02-18 02:00:00,-1.9398155
2025-02-18 03:00:00,-2.065426
2025-02-18 04:00:00,-1.6819506
2025-02-18 05:00:00,-0.93957025
2025-02-18 06:00:00,-0.19640009
2025-02-18 07:00:00,0.4549606
2025-02-18 08:00:00,0.9286736
2025-02-18 09:00:00,1.0411863
2025-02-18 10:00:00,0.7933323
2025-02-18 11:00:00,0.34012038
2025-02-18 12:00:00,-0.25294685
2025-02-18 13:00:00,-0.8875696
2025-02-18 14:00:00,-1.3935436
2025-02-18 15:00:00,-1.6540031
2025-02-18 16:00:00,-1.525205
2025-02-18 17:00:00,-0.9725453
2025-02-18 18:00:00,-0.29329035
2025-02-18 19:00:00,0.2967835
2025-02-18 20:00:00,0.72407615
2025-02-18 21:00:00,0.86263436
2025-02-18 22:00:00,0.6326149
2025-02-18 23:00:00,0.16761787
2025-02-19 00:00:00,-0.42672983
2025-02-19 01:00:00,-1.045331
2025-02-19 02:00:00,-1.5500946
2025-02-19 03:00:00,-1.8155606
2025-02-19 04:00:00,-1.7362168
2025-02-19 05:00:00,-1.2734665
2025-02-19 06:00:00,-0.62883806
2025-02-19 07:00:00,0.016550727
2025-02-19 08:00:00,0.5732628
2025-02-19 09:00:00,0.8894498
2025-02-19 10:00:00,0.8719746
2025-02-19 11:00:00,0.58921915
2025-02-19 12:00:00,0.12853448
2025-02-19 13:00:00,-0.39882204
2025-02-19 14:00:00,-0.91652715
2025-02-19 15:00:00,-1.2844781
2025-02-19 16:00:00,-1.3914084
2025-02-19 17:00:00,-1.185147
2025-02-19 18:00:00,-0.71408445
2025-02-19 19:00:00,-0.20096998
2025-02-19 20:00:00,0.23404904
2025-02-19 21:00:00,0.5191333
2025-02-19 22:00:00,0.5371089
2025-02-19 23:00:00,0.2780473
2025-02-20 00:00:00,-0.15007922
2025-02-20 01:00:00,-0.6620103
2025-02-20 02:00:00,-1.1592653
2025-02-20 03:00:00,-1.4976982
2025-02-20 04:00:00,-1.6158298
2025-02-20 05:00:00,-1.4364369
2025-02-20 06:00:00,-0.9814112
2025-02-20 07:00:00,-0.42659047
2025-02-20 08:00:00,0.0963033
2025-02-20 09:00:00,0.5037249
2025-02-20 10:00:00,0.6979438
2025-02-20 11:00:00,0.64155805
2025-02-20 12:00:00,0.40463078
2025-02-20 13:00:00,0.027309157
2025-02-20 14:00:00,-0.4047666
2025-02-20 15:00:00,-0.79809237
2025-02-20 16:00:00,-1.0639172
2025-02-20 17:00:00,-1.130955
2025-02-20 18:00:00,-0.9535255
2025-02-20 19:00:00,-0.6580992
2025-02-20 20:00:00,-0.34524184
2025-02-20 21:00:00,-0.057727274
2025-02-20 22:00:00,0.13853294
2025-02-20 23:00:00,0.13930412
2025-02-21 00:00:00,-0.058209162
2025-02-21 01:00:00,-0.36516222
2025-02-21 02:00:00,-0.70308656
2025-02-21 03:00:00,-1.0328269
2025-02-21 04:00:00,-1.2590127
2025-02-21 05:00:00,-1.3243071
2025-02-21 06:00:00,-1.1772738
2025-02-21 07:00:00,-0.8354638
2025-02-21 08:00:00,-0.4201732
2025-02-21 09:00:00,-0.0136566805
2025-02-21 10:00:00,0.325889
2025-02-21 11:00:00,0.5122908
2025-02-21 12:00:00,0.5032713
2025-02-21 13:00:00,0.33526713
2025-02-21 14:00:00,0.059357062
2025-02-21 15:00:00,-0.27127808
2025-02-21 16:00:00,-0.59681046
2025-02-21 17:00:00,-0.8586273
2025-02-21 18:00:00,-1.00547
2025-02-21 19:00:00,-0.98611104
2025-02-21 20:00:00,-0.8187399
2025-02-21 21:00:00,-0.57256037
2025-02-21 22:00:00,-0.3184843
2025-02-21 23:00:00,-0.12651943
2025-02-22 00:00:00,-0.06869555
2025-02-22 01:00:00,-0.1548515
2025-02-22 02:00:00,-0.32361272
2025-02-22 03:00:00,-0.5350226
2025-02-22 04:00:00,-0.7785107
2025-02-22 05:00:00,-1.0019594
2025-02-22 06:00:00,-1.1268702
2025-02-22 07:00:00,-1.0938045
2025-02-22 08:00:00,-0.8841802
2025-02-22 09:00:00,-0.55672383
2025-02-22 10:00:00,-0.20063482
2025-02-22 11:00:00,0.12978934
2025-02-22 12:00:00,0.36752647
2025-02-22 13:00:00,0.46084315
2025-02-22 14:00:00,0.42508784
2025-02-22 15:00:00,0.27353343
2025-02-22 16:00:00,0.024685513
2025-02-22 17:00:00,-0.30732223
2025-02-22 18:00:00,-0.665266
2025-02-22 19:00:00,-0.96736985
2025-02-22 20:00:00,-1.1367073
2025-02-22 21:00:00,-1.1434617
2025-02-22 22:00:00,-1.0009494
2025-02-22 23:00:00,-0.7345703
2025-02-23 00:00:00,-0.43563208
